Use onlineshoppingplatformdata;

BEGIN;
INSERT INTO categories (id, name) VALUES
(1,'手机'),(2,'电脑'),(3,'家电'),(4,'周边'),(5,'服饰'),(6,'美妆'),
(7,'母婴'),(8,'食品'),(9,'运动'),(10,'图书'),(11,'汽车'),(12,'游戏'),
(13,'办公'),(14,'宠物'),(15,'园艺'),(16,'家居'),(17,'玩具'),(18,'乐器'),
(19,'户外'),(20,'数码');

INSERT INTO users (id, username, password_hash, role, phone, status) VALUES
(1,'admin','hash_admin','admin','13800000001','enabled'),
(2,'user01','hash_user01','user','13800000002','enabled'),
(3,'user02','hash_user02','user','13800000003','enabled'),
(4,'user03','hash_user03','user','13800000004','enabled'),
(5,'user04','hash_user04','user','13800000005','enabled'),
(6,'user05','hash_user05','user','13800000006','enabled'),
(7,'user06','hash_user06','user','13800000007','enabled'),
(8,'user07','hash_user07','user','13800000008','enabled'),
(9,'user08','hash_user08','user','13800000009','enabled'),
(10,'user09','hash_user09','user','13800000010','enabled'),
(11,'user10','hash_user10','user','13800000011','enabled'),
(12,'user11','hash_user11','user','13800000012','enabled'),
(13,'user12','hash_user12','user','13800000013','enabled'),
(14,'user13','hash_user13','user','13800000014','enabled'),
(15,'user14','hash_user14','user','13800000015','disabled'),
(16,'user15','hash_user15','user','13800000016','enabled'),
(17,'user16','hash_user16','user','13800000017','enabled'),
(18,'user17','hash_user17','user','13800000018','enabled'),
(19,'user18','hash_user18','user','13800000019','enabled'),
(20,'user19','hash_user19','user','13800000020','enabled');

INSERT INTO products (id, name, category_id, price, stock, description, sales) VALUES
(1,'旗舰手机 X',1,110.00,120,'高性能处理器，高清屏幕',120),
(2,'轻薄笔记本 Pro',2,120.00,80,'轻薄高性能，长续航',80),
(3,'智能电视 4K',3,130.00,60,'4K HDR 大屏',60),
(4,'降噪耳机',4,140.00,200,'主动降噪，舒适佩戴',150),
(5,'游戏手机 Z',1,150.00,40,'高帧率游戏体验',70),
(6,'台式主机 R',2,160.00,20,'高端发烧级配置',30),
(7,'变频空调',3,170.00,35,'节能静音',45),
(8,'机械键盘',4,180.00,300,'青轴手感',200),
(9,'运动手环',9,190.00,500,'健康监测',220),
(10,'畅销图书 A',10,200.00,1000,'热门读物',300),
(11,'车载充电器',11,210.00,400,'高速充电',180),
(12,'主机游戏 B',12,220.00,150,'动作冒险',90),
(13,'办公打印机',13,230.00,60,'高速打印',55),
(14,'宠物智能饮水机',14,240.00,80,'自动循环',40),
(15,'园艺修剪器',15,250.00,70,'锋利耐用',35),
(16,'家居台灯',16,260.00,120,'护眼光源',65),
(17,'益智拼图',17,270.00,300,'亲子游戏',210),
(18,'电子琴',18,280.00,50,'88键练习',25),
(19,'户外登山包',19,290.00,90,'轻便耐用',75),
(20,'数码相机 C',20,300.00,40,'高像素成像',48);

INSERT INTO product_images (id, product_id, image_url, image_seed, sort_order) VALUES
(1,1,'https://picsum.photos/seed/p1/640/360','p1',0),
(2,2,'https://picsum.photos/seed/p2/640/360','p2',0),
(3,3,'https://picsum.photos/seed/p3/640/360','p3',0),
(4,4,'https://picsum.photos/seed/p4/640/360','p4',0),
(5,5,'https://picsum.photos/seed/p5/640/360','p5',0),
(6,6,'https://picsum.photos/seed/p6/640/360','p6',0),
(7,7,'https://picsum.photos/seed/p7/640/360','p7',0),
(8,8,'https://picsum.photos/seed/p8/640/360','p8',0),
(9,9,'https://picsum.photos/seed/p9/640/360','p9',0),
(10,10,'https://picsum.photos/seed/p10/640/360','p10',0),
(11,11,'https://picsum.photos/seed/p11/640/360','p11',0),
(12,12,'https://picsum.photos/seed/p12/640/360','p12',0),
(13,13,'https://picsum.photos/seed/p13/640/360','p13',0),
(14,14,'https://picsum.photos/seed/p14/640/360','p14',0),
(15,15,'https://picsum.photos/seed/p15/640/360','p15',0),
(16,16,'https://picsum.photos/seed/p16/640/360','p16',0),
(17,17,'https://picsum.photos/seed/p17/640/360','p17',0),
(18,18,'https://picsum.photos/seed/p18/640/360','p18',0),
(19,19,'https://picsum.photos/seed/p19/640/360','p19',0),
(20,20,'https://picsum.photos/seed/p20/640/360','p20',0);

INSERT INTO carts (id, user_id) VALUES
(1,1),(2,2),(3,3),(4,4),(5,5),(6,6),(7,7),
(8,8),(9,9),(10,10),
(11,11),(12,12),(13,13),(14,14),(15,15),(16,16),
(17,17),(18,18),(19,19),(20,20);

INSERT INTO cart_items (id, cart_id, product_id, qty) VALUES
(1,1,1,2),(2,2,2,1),(3,3,3,3),
(4,4,4,1),(5,5,5,2),(6,6,6,1),
(7,7,7,4),(8,8,8,1),(9,9,9,2),
(10,10,10,1),
(11,11,11,3),(12,12,12,2),(13,13,13,1),
(14,14,14,5),(15,15,15,1),(16,16,16,2),
(17,17,17,3),(18,18,18,1),(19,19,19,2),
(20,20,20,1);

INSERT INTO addresses (id, user_id, name, phone, detail, is_default) VALUES
(1,1,'用户1','13900000001','北京市朝阳区1号',1),
(2,2,'用户2','13900000002','上海市浦东新区2号',1),
(3,3,'用户3','13900000003','广州市天河区3号',0),
(4,4,'用户4','13900000004','深圳市南山区4号',0),
(5,5,'用户5','13900000005','杭州市西湖区5号',1),
(6,6,'用户6','13900000006','武汉市武昌区6号',0),
(7,7,'用户7','13900000007','南京市鼓楼区7号',0),
(8,8,'用户8','13900000008','成都市高新区8号',1),
(9,9,'用户9','13900000009','重庆市渝中区9号',0),
(10,10,'用户10','13900000010','西安市雁塔区10号',0),
(11,11,'用户11','13900000011','苏州市工业园区11号',1),
(12,12,'用户12','13900000012','合肥市蜀山区12号',0),
(13,13,'用户13','13900000013','长沙市岳麓区13号',0),
(14,14,'用户14','13900000014','郑州市金水区14号',1),
(15,15,'用户15','13900000015','青岛市市南区15号',0),
(16,16,'用户16','13900000016','宁波市海曙区16号',0),
(17,17,'用户17','13900000017','大连市中山区17号',1),
(18,18,'用户18','13900000018','福州市鼓楼区18号',0),
(19,19,'用户19','13900000019','厦门市思明区19号',0),
(20,20,'用户20','13900000020','天津市和平区20号',1);

INSERT INTO orders (id, user_id, address_id, amount, status, consignee_name, consignee_phone, consignee_detail) VALUES
(1,1,1,110.00,'pending','用户1','13900000001','北京市朝阳区1号'),
(2,2,2,120.00,'pending','用户2','13900000002','上海市浦东新区2号'),
(3,3,3,130.00,'pending','用户3','13900000003','广州市天河区3号'),
(4,4,4,140.00,'pending','用户4','13900000004','深圳市南山区4号'),
(5,5,5,150.00,'pending','用户5','13900000005','杭州市西湖区5号'),
(6,6,6,160.00,'paid','用户6','13900000006','武汉市武昌区6号'),
(7,7,7,170.00,'paid','用户7','13900000007','南京市鼓楼区7号'),
(8,8,8,180.00,'paid','用户8','13900000008','成都市高新区8号'),
(9,9,9,190.00,'paid','用户9','13900000009','重庆市渝中区9号'),
(10,10,10,200.00,'paid','用户10','13900000010','西安市雁塔区10号'),
(11,11,11,210.00,'已发货','用户11','13900000011','苏州市工业园区11号'),
(12,12,12,220.00,'已发货','用户12','13900000012','合肥市蜀山区12号'),
(13,13,13,230.00,'已发货','用户13','13900000013','长沙市岳麓区13号'),
(14,14,14,240.00,'已发货','用户14','13900000014','郑州市金水区14号'),
(15,15,15,250.00,'已发货','用户15','13900000015','青岛市市南区15号'),
(16,16,16,260.00,'已完成','用户16','13900000016','宁波市海曙区16号'),
(17,17,17,270.00,'已完成','用户17','13900000017','大连市中山区17号'),
(18,18,18,280.00,'已完成','用户18','13900000018','福州市鼓楼区18号'),
(19,19,19,290.00,'已完成','用户19','13900000019','厦门市思明区19号'),
(20,20,20,300.00,'已完成','用户20','13900000020','天津市和平区20号');

INSERT INTO order_items (id, order_id, product_id, name, price, qty) VALUES
(1,1,1,'旗舰手机 X',110.00,1),(2,2,2,'轻薄笔记本 Pro',120.00,1),(3,3,3,'智能电视 4K',130.00,1),(4,4,4,'降噪耳机',140.00,1),(5,5,5,'游戏手机 Z',150.00,1),
(6,6,6,'台式主机 R',160.00,1),(7,7,7,'变频空调',170.00,1),(8,8,8,'机械键盘',180.00,1),(9,9,9,'运动手环',190.00,1),(10,10,10,'畅销图书 A',200.00,1),
(11,11,11,'车载充电器',210.00,1),(12,12,12,'主机游戏 B',220.00,1),(13,13,13,'办公打印机',230.00,1),(14,14,14,'宠物智能饮水机',240.00,1),(15,15,15,'园艺修剪器',250.00,1),
(16,16,16,'家居台灯',260.00,1),(17,17,17,'益智拼图',270.00,1),(18,18,18,'电子琴',280.00,1),(19,19,19,'户外登山包',290.00,1),(20,20,20,'数码相机 C',300.00,1);

INSERT INTO payments (id, order_id, amount, method, status, paid_at) VALUES
(1,1,110.00,'wechat','pending',NULL),
(2,2,120.00,'alipay','pending',NULL),
(3,3,130.00,'card','pending',NULL),
(4,4,140.00,'wechat','pending',NULL),
(5,5,150.00,'alipay','pending',NULL),
(6,6,160.00,'wechat','paid','2025-01-10 10:00:00'),
(7,7,170.00,'alipay','paid','2025-01-10 10:00:00'),
(8,8,180.00,'card','paid','2025-01-10 10:00:00'),
(9,9,190.00,'wechat','paid','2025-01-10 10:00:00'),
(10,10,200.00,'alipay','paid','2025-01-10 10:00:00'),
(11,11,210.00,'wechat','paid','2025-01-11 11:00:00'),
(12,12,220.00,'alipay','paid','2025-01-11 11:00:00'),
(13,13,230.00,'card','paid','2025-01-11 11:00:00'),
(14,14,240.00,'wechat','paid','2025-01-11 11:00:00'),
(15,15,250.00,'alipay','paid','2025-01-11 11:00:00'),
(16,16,260.00,'wechat','paid','2025-01-12 12:00:00'),
(17,17,270.00,'alipay','paid','2025-01-12 12:00:00'),
(18,18,280.00,'card','paid','2025-01-12 12:00:00'),
(19,19,290.00,'wechat','paid','2025-01-12 12:00:00'),
(20,20,300.00,'alipay','paid','2025-01-12 12:00:00');

INSERT INTO shipments (id, order_id, carrier, tracking_no, status, shipped_at, delivered_at) VALUES
(1,1,'SF','SF202500001','pending',NULL,NULL),
(2,2,'YTO','YTO202500002','pending',NULL,NULL),
(3,3,'ZTO','ZTO202500003','pending',NULL,NULL),
(4,4,'SF','SF202500004','pending',NULL,NULL),
(5,5,'YTO','YTO202500005','pending',NULL,NULL),
(6,6,'SF','SF202500006','pending',NULL,NULL),
(7,7,'YTO','YTO202500007','pending',NULL,NULL),
(8,8,'ZTO','ZTO202500008','pending',NULL,NULL),
(9,9,'SF','SF202500009','pending',NULL,NULL),
(10,10,'YTO','YTO202500010','pending',NULL,NULL),
(11,11,'SF','SF202500011','shipped','2025-01-15 09:00:00',NULL),
(12,12,'YTO','YTO202500012','shipped','2025-01-15 09:00:00',NULL),
(13,13,'ZTO','ZTO202500013','shipped','2025-01-15 09:00:00',NULL),
(14,14,'SF','SF202500014','shipped','2025-01-15 09:00:00',NULL),
(15,15,'YTO','YTO202500015','shipped','2025-01-15 09:00:00',NULL),
(16,16,'SF','SF202500016','delivered','2025-01-16 10:00:00','2025-01-18 18:00:00'),
(17,17,'YTO','YTO202500017','delivered','2025-01-16 10:00:00','2025-01-18 18:00:00'),
(18,18,'ZTO','ZTO202500018','delivered','2025-01-16 10:00:00','2025-01-18 18:00:00'),
(19,19,'SF','SF202500019','delivered','2025-01-16 10:00:00','2025-01-18 18:00:00'),
(20,20,'YTO','YTO202500020','delivered','2025-01-16 10:00:00','2025-01-18 18:00:00');
COMMIT;
